{
    "accounts": [
        {
            "phone": "+0...",
            "api_id": "",
            "api_hash": ""
        },
        {
            "phone": "- NOT SUPPORTED!!! - При попытке использовать одновременно несколько аккаунтов они банились. Чтобы использовать несколько аккаунтов одновременно, лучше запускайте каждый скрипт отдельно со своими данными. Будьте осторожны.",
            "api_id": "-",
            "api_hash": "-"
        }
    ]
}
